,speech_text,intent,sampled,speech_text_augmented
21,make a new list,lists_createoradd,False,make a fresh list
15,fresh list,lists_createoradd,False,fresh list
17,include meeting in the list,lists_createoradd,False,include meeting in the list
6,create a list for today's tasks,lists_createoradd,False,create a list for today's project
20,select the item,lists_createoradd,False,select the point
27,add paav bhaji in menu card,lists_createoradd,False,ADD paav bhaji in menu card
11,i want to make next week's to do list,lists_createoradd,False,i want to make next week's to do list
23,i need to make a list of bills that are due,lists_createoradd,False,i demand to make a list of bills that are due
8,include this item,lists_createoradd,False,include this point
1,new scenario time or calendar to new list,lists_createoradd,False,fresh scenario clip or calendar to fresh list
58,please clear jeff's birthday from the calendar,calendar_remove,False,delight open jeff's birthday from the calendar
54,i want you to remove this event,calendar_remove,False,i want you to remove this event
43,remove events from calendar,calendar_remove,False,remove event from calendar
48,take off the doctor's appointment on march twentieth,calendar_remove,False,issue off the doctor's appointment on Mar twentieth
31,remove meeting for wednesday morning,calendar_remove,False,remove group_meeting for Midweek morning
53,hi olly please cancel all the programs for friday,calendar_remove,False,hullo olly delight cancel all the program for friday
33,hey olly make sure my calendar is completely clear tomorrow,calendar_remove,False,hey olly make sure my calendar is entirely clear tomorrow
49,please remove dinner date scheduled for this friday at nine pm,calendar_remove,False,please remove dinner day_of_the_month schedule for this friday at 9 pm
37,remove standup on Friday at ten am,calendar_remove,False,remove standup on Friday at 10 am
30,cancel all meetings for today,calendar_remove,False,cancel all meetings for today
76,what is job title of jan medvesek,email_querycontact,False,what is job statute_title of jan medvesek
89,when was the last time that i spoke to john,email_querycontact,False,when was the last time that i wheel_spoke to lavatory
78,link me to jeff's email,email_querycontact,False,nexus me to jeff's email
84,give me the details of friend,email_querycontact,False,spring me the details of friend
67,what is jimmy johns's corporate number,email_querycontact,False,what is jemmy johns's bodied number
80,what is joe joe's home address,email_querycontact,False,what is joe joe's place address
64,what is this person's contact information,email_querycontact,False,what is this person's contact information
83,fetch me the phone number of Alexander,email_querycontact,False,fetch me the phone figure of Alexander
88,please find a contact number of jayesh and tell me,email_querycontact,False,delight breakthrough a contact number of jayesh and tell me
72,does bob live in france,email_querycontact,False,does shilling live in france
90,please play football with me,play_game,False,delight play football with me
114,i want to play rock paper scissors let's play,play_game,False,i want to drama stone paper scissors let's drama
95,play this game with me,play_game,False,play this game with me
111,let us play millionaires,play_game,False,let us drama millionaires
110,can you play a game with me,play_game,False,can you drama a game with me
94,i want to play poker with you,play_game,False,i want to drama poker with you
93,start words with friends,play_game,False,start lyric with friends
112,get the duet game,play_game,False,get the duet game
113,shall we play a game,play_game,False,shall we play a game
98,play super mario brothers game with me,play_game,False,play super mario blood_brother game with me
148,book an uber from my location to the theatre,transport_taxi,False,book an uber from my location to the theatre
138,book me a cab,transport_taxi,False,book me a cab
142,can you book an uber tomorrow,transport_taxi,False,can you book an uber tomorrow
145,i need a taxi at eight tomorrow morning to take me to work,transport_taxi,False,i need a hack at eight tomorrow morn to take me to work
135,hail taxi,transport_taxi,False,hail taxi
136,can you book me a taxi,transport_taxi,False,can you book me a taxi
122,get me a ride to hospital,transport_taxi,False,get me a ride to hospital
120,flag me an uber for ten pm tonight,transport_taxi,False,masthead me an uber for 10 pm tonight
124,just book for me a lyft taxi to bardonia,transport_taxi,False,just book for me a lyft taxi to bardonia
141,help me find transportation to the mall of america,transport_taxi,False,help me find transportation to the mall of United_States_of_America
178,save this music to my favorites,music_likeness,False,salvage this music to my favorites
168,save this song,music_likeness,False,salvage this song
175,save my opinion on adele's song,music_likeness,False,salvage my opinion on adele's song
169,add my opinion to this song great,music_likeness,False,add my sentiment to this vocal great
172,save chhana mereya song in my playlist,music_likeness,False,salvage chhana mereya song in my play_list
160,you have to check out kfi he's the best,music_likeness,False,you have to bank_check out kfi he's the best
173,please note on song title good tune,music_likeness,False,please note on vocal title good melody
170,Olly save all the songs i have listened to more than once,music_likeness,False,Olly save all the vocal i have listened to more than once
158,the music of this song is very melodious and relaxing,music_likeness,False,the music of this song is very melodious and relaxing
177,i like justin beibers music please play it,music_likeness,False,i the_like justin beibers music delight play it
194,when was the song playing now released,music_query,False,when was the song playing now let_go
198,is this song ed sheeran,music_query,False,is this song male_erecticle_dysfunction sheeran
193,how do you feel after hearing justin bieber's new album,music_query,False,how do you feel after hearing justin bieber's fresh album
209,what song is this,music_query,False,what song is this
206,what is the current song called,music_query,False,what is the current song call
187,what would you call this kind of music that we're listening to,music_query,False,what would you call this kind of music that we're listening to
204,who wrote this song,music_query,False,who compose this song
199,what is the song name,music_query,False,what is the song name
185,what's my favorite music at the moment,music_query,False,what's my favorite music at the moment
202,what album is this song on,music_query,False,what record_album is this song on
230,i need to find a gift what stores are within a one mile radius,recommendation_locations,False,i need to breakthrough a gift what store are within a 1 statute_mile radius
220,i need a place that will deliver pizza to me in benton ar,recommendation_locations,False,i demand a place that will deliver pizza_pie to me in benton Ar
219,what's the best chicken place near me,recommendation_locations,False,what's the best poulet place near me
214,name stores within ten mile radius with music,recommendation_locations,False,name stores within 10 mile r with music
225,where can i get organic wheat,recommendation_locations,False,where can i get organic_fertilizer wheat
223,please recommend a restaurant in seattle,recommendation_locations,False,please urge a eating_house in seattle
236,where is the nearest restaurant here,recommendation_locations,False,where is the nearest eating_house here
231,find a shop that sells beer,recommendation_locations,False,breakthrough a store that sells beer
221,whats the best place to eat near here,recommendation_locations,False,whats the best place to eat near here
210,what restaurants around here have good reviews,recommendation_locations,False,what restaurants around here have good revaluation
267,will you tell me what you have said one more time please.,general_repeat,False,will you William_Tell me what you have say one more time please.
253,will you reset.,general_repeat,False,will you reset.
254,please would you replay your last phrase said.,general_repeat,False,delight would you replay your finale phrase said.
264,could you speak that once more.,general_repeat,False,could you speak that once more.
262,will you speak it once again.,general_repeat,False,will you speak it once again.
256,please repeat that.,general_repeat,False,please repetition that.
249,can you repeat please.,general_repeat,False,can you repeat please.
268,i would like to hear your last the procedure said again.,general_repeat,False,i would the_like to learn your finale the procedure said again.
263,i'd like to hear that sentence spoke again.,general_repeat,False,i'd like to hear that sentence wheel_spoke again.
241,what is that one more time.,general_repeat,False,what is that one more time.
286,when my takeaway order will arrive,takeaway_query,False,when my takeout_food order will arrive
290,does fongs do carry out,takeaway_query,False,does fongs do transport out
273,what time can i pick up my food,takeaway_query,False,what clip can i pick up my food
289,do they deliver,takeaway_query,False,do they deliver
271,is there a takeaway in chipotle restaurant,takeaway_query,False,is there a takeaway in chipotle eating_house
282,any restaurant in the beautiful,takeaway_query,False,any restaurant in the beautiful
291,is there takeaway at donut junction,takeaway_query,False,is there takeaway at donut junction
296,does the restaurant have carryout,takeaway_query,False,does the restaurant have carryout
270,does charley's steakhouse deliver,takeaway_query,False,does charley's chophouse deliver
284,is michael's a takeaway or delivery restaurant,takeaway_query,False,is michael's a takeout_food or delivery eating_house
327,how warm is it in columbus ohio,weather_query,False,how warm_up is it in columbus ohio
316,is it currently raining,weather_query,False,is it currently rain_down
314,what is the weather this friday,weather_query,False,what is the weather_condition this friday
306,is the sun gonna shine in devon this weekend,weather_query,False,is the sun gonna shine in Devonshire this weekend
321,weather this week,weather_query,False,weather this hebdomad
313,will it be nice at the beach on friday,weather_query,False,will it be nice at the beach on friday
307,will it snow next week,weather_query,False,will it snowfall next week
328,can i go outing without any raincoat,weather_query,False,can i go jaunt without any waterproof
317,has the weather changed for wednesday at all,weather_query,False,has the weather alter for wednesday at all
320,is it colder than yesterday,weather_query,False,is it colder than yesterday
357,what is the size of the united states,qa_factoid,False,what is the size of the united province
330,what is the financial capital of canada,qa_factoid,False,what is the financial capital of canada
340,where is the hottest desert located,qa_factoid,False,where is the hot desert located
331,where is morocco located,qa_factoid,False,where is morocco turn_up
359,who is the better half of obama,qa_factoid,False,who is the bettor half of obama
332,what tv show is jennifer aniston on,qa_factoid,False,what tv display is jennifer aniston on
354,how many mega pixel is listed in the description of the canon,qa_factoid,False,how many mega pel is listed in the verbal_description of the canon
355,how many cups in a quart,qa_factoid,False,how many cup in a quart
344,is brad pitt married,qa_factoid,False,is brad pitt marry
334,how big is russia,qa_factoid,False,how big is Russia
361,this is unimportant to me.,general_dontcare,False,this is unimportant to me.
375,i wouldn't really care.,general_dontcare,False,i wouldn't genuinely care.
371,do not mind to choose any one.,general_dontcare,False,do not mind to take any one.
370,"it is unimportant for me, olly.",general_dontcare,False,"it is unimportant for me, olly."
388,anything is ok for me.,general_dontcare,False,anything is Sooner_State for me.
363,whatever.,general_dontcare,False,whatever.
373,"it is of no importance to me, olly.",general_dontcare,False,"it is of no importance to me, olly."
378,whatever will be fine.,general_dontcare,False,whatever will be fine.
382,"have no idea, olly.",general_dontcare,False,"have no idea, olly."
376,that is unimportant.,general_dontcare,False,that is unimportant.
395,please play podcasts on science,play_podcasts,False,delight drama podcasts on science
392,play next on podcast,play_podcasts,False,play next on podcast
415,play most recent podcast upload,play_podcasts,False,drama most recent podcast upload
391,podcast next episode,play_podcasts,False,podcast next episode
409,play the next show on podcast,play_podcasts,False,play the next display on podcast
413,next episode in podcast,play_podcasts,False,next episode in podcast
400,move forward ten minutes in this podcast,play_podcasts,False,move forward 10 minutes in this podcast
403,i want to see the previous episode,play_podcasts,False,i want to see the previous episode
405,play the most recent podcast for this american life,play_podcasts,False,drama the most Holocene_epoch podcast for this American_English life
399,start my favourite podcast,play_podcasts,False,start my favorite podcast
436,what are all the lists i have available,lists_query,False,what are all the listing i have available
438,what do i need to get done today,lists_query,False,what do i demand to get done today
423,give me the shopping list,lists_query,False,spring me the shopping list
443,display available lists,lists_query,False,display available listing
445,what's on my list,lists_query,False,what's on my list
442,please tell me what lists i have,lists_query,False,please William_Tell me what lists i have
439,can you tell me what the items on my grocery list are,lists_query,False,can you tell me what the point on my grocery list are
428,tell me the name of my lists,lists_query,False,tell me the name of my listing
433,what are the list of things i need to buy today,lists_query,False,what are the listing of things i demand to buy today
424,read out my shopping list for today,lists_query,False,read out my shopping list for today
479,find recent events of the celebrity,general_quirky,False,breakthrough recent event of the celebrity
476,hey whatsapp,general_quirky,False,hey whatsapp
478,bingo,general_quirky,False,bingo
463,the meaning of life,general_quirky,False,the meaning of life
467,show me a map of everywhere the cat has been this week,general_quirky,False,display me a function of everywhere the true_cat has been this week
451,i would like it to be able to compute answer from search results like wolfram alpha does,general_quirky,False,i would the_like it to be able to compute reply from search results like wolfram alpha does
453,what's next,general_quirky,False,what's next
475,tell me everything about umf,general_quirky,False,William_Tell me everything about umf
469,do homework for me please,general_quirky,False,do homework for me delight
460,nightime,general_quirky,False,nightime
505,you have done task all wrong.,general_negate,False,you have do task all wrong.
484,"shit, not correct response.",general_negate,False,"shit, not correct response."
491,i think you did the task incorrectly.,general_negate,False,i think you did the project incorrectly.
504,"nope, i think you did this all in wrong manner.",general_negate,False,"nope, i think you did this all in wrongfulness manner."
488,"uh no, it isn't what i am looking for.",general_negate,False,"uh no, it isn't what i am looking for."
496,"stop, i think that's not the correct command.",general_negate,False,"stop, i think that's not the correct command."
495,that wasn't it.,general_negate,False,that wasn't it.
507,"shit, it isn't what i was searching for.",general_negate,False,"shit, it isn't what i was searching for."
506,"oh no, you did not get what i was searching for.",general_negate,False,"Buckeye_State no, you did not get what i was searching for."
489,incorrect command.,general_negate,False,wrong command.
510,i would like to continue my audiobook,play_audiobook,False,i would like to go_on my audiobook
526,resume play where i left off in book on audible,play_audiobook,False,survey play where i left off in book on audible
536,play my book,play_audiobook,False,drama my book
531,resume the playback of a child called it,play_audiobook,False,resume the playback of a kid called it
519,can you put on the chuck palhunik audio book,play_audiobook,False,can you put on the chuck palhunik sound book
522,i want to play the audiobook good grief,play_audiobook,False,i want to drama the audiobook good grief
511,can you continue audiobook the circle,play_audiobook,False,can you continue audiobook the set
539,resume audiobook please,play_audiobook,False,resume audiobook please
534,pause the audiobook,play_audiobook,False,intermission the audiobook
523,resume war and peace,play_audiobook,False,resume warfare and peace
540,delete list blank,lists_remove,False,delete listing blank
560,delete my to do list,lists_remove,False,delete my to do listing
559,delete my to do's for this week,lists_remove,False,delete my to do's for this week
569,trash file one,lists_remove,False,trash file 1
566,remove night night playlist,lists_remove,False,remove nighttime nighttime playlist
563,i have already given mark his gift today please remove him on my christmas gift list,lists_remove,False,i have already presumption grade his endowment today delight remove him on my Christmastide endowment list
554,please delete the shopping list,lists_remove,False,delight delete the shopping list
549,please remove a list,lists_remove,False,please remove a listing
556,delete an item,lists_remove,False,delete an point
561,remove the grocery list from my active lists,lists_remove,False,remove the grocery listing from my active listing
591,from now on mute,audio_volume_mute,False,from now on mute
577,i'm in a meeting please do not speak,audio_volume_mute,False,i'm in a meeting please do not speak
584,disable music player,audio_volume_mute,False,disenable music player
594,please be silent until i tell you not to be,audio_volume_mute,False,please be soundless until i tell you not to be
579,stop the audio,audio_volume_mute,False,stop the sound
578,mute for two hours,audio_volume_mute,False,mute for two hours
585,turn on silent mode until my alarm goes off,audio_volume_mute,False,turn on soundless mode until my dismay goes off
581,sound off please,audio_volume_mute,False,sound off delight
575,set mute mode for one hour,audio_volume_mute,False,set deaf-mute mode for one hr
598,please mute my speaker,audio_volume_mute,False,please deaf-mute my speaker
624,got it exactly.,general_affirm,False,acquire it exactly.
607,yeap it's confirmed.,general_affirm,False,yeap it's confirmed.
626,yeap exact response to command.,general_affirm,False,yeap exact reaction to command.
613,yeap you've done that right.,general_affirm,False,yeap you've done that right.
612,yeap it's good.,general_affirm,False,yeap it's good.
600,correcly.,general_affirm,False,correcly.
605,yeah it's good.,general_affirm,False,yeah it's good.
628,yes you have done that exactly.,general_affirm,False,yes you have do that exactly.
620,yes you've done your understanding correcly.,general_affirm,False,yes you've done your understanding correcly.
610,yeap it was correct.,general_affirm,False,yeap it was correct.
642,"olly that is all, cancel.",general_commandstop,False,"olly that is all, cancel."
635,olly talk to you later on.,general_commandstop,False,olly talking to you ulterior on.
649,olly can you just stop it please.,general_commandstop,False,olly can you just stop it please.
632,will you shut up.,general_commandstop,False,will you shut up.
645,olly i want you stop.,general_commandstop,False,olly i want you stop.
644,olly could you shut down.,general_commandstop,False,olly could you shut down.
656,could you please shut up.,general_commandstop,False,could you delight shut up.
633,olly please stop.,general_commandstop,False,olly please stop.
655,olly will you shut down.,general_commandstop,False,olly will you shut down.
657,that is enough.,general_commandstop,False,that is enough.
668,what is photosynthesis,qa_definition,False,what is photosynthesis
683,give me the definition of the word fondle,qa_definition,False,spring me the definition of the word fondle
678,describe what a poltergeist is,qa_definition,False,depict what a poltergeist is
685,what does this stitch long sleeved shirt look like,qa_definition,False,what does this stitch long sleeved shirt look the_like
687,can you describe to me what a pineapple looks like,qa_definition,False,can you describe to me what a pineapple look the_like
663,how is a typhoon defined,qa_definition,False,how is a typhoon defined
671,define love without invoking the term love,qa_definition,False,define love without conjure the term love
672,what is rock sand,qa_definition,False,what is stone sand
665,describe what a sphere is,qa_definition,False,describe what a domain is
677,describe london for me please,qa_definition,False,describe Greater_London for me please
716,what movies is out there in the local cinema,recommendation_movies,False,what movies is out there in the local cinema
691,what new movies are played in cinemas this week,recommendation_movies,False,what fresh film are played in cinemas this hebdomad
711,Show times for nearest theater,recommendation_movies,False,display multiplication for nearest theater
707,what new movies are good,recommendation_movies,False,what new movies are good
719,kung fu panda three,recommendation_movies,False,kung fu panda three
695,logan,recommendation_movies,False,logan
699,can you tell me what movies are playing at the movies tonight,recommendation_movies,False,can you tell me what film are playing at the film tonight
713,what time does thor start,recommendation_movies,False,what time does thor start
697,is swat a good movie,recommendation_movies,False,is swat a good movie
694,tell me the movie with best imdb ratings going on in theatres near me,recommendation_movies,False,William_Tell me the film with best imdb ratings going on in theatres near me
730,is my alarm set,alarm_query,False,is my alarm set
733,what alarms do i have set,alarm_query,False,what alarms do i have set
742,list all set alarms,alarm_query,False,list all set alarms
722,what alarms will wake me up tomorrow,alarm_query,False,what alarms will wake me up tomorrow
727,do i have any alarms for tomorrow morning,alarm_query,False,do i have any dismay for tomorrow morning
738,tell me my alarms,alarm_query,False,William_Tell me my alarms
732,what time is my wakeup alarm set for,alarm_query,False,what clip is my wakeup dismay set for
734,see see for me the alarms that you have set tomorrow morning,alarm_query,False,see see for me the dismay that you have set tomorrow morn
749,check if default alarm is set,alarm_query,False,check if default alarm is set
740,what alarms do i got,alarm_query,False,what alarms do i acquire
755,i am not so clear about that.,general_explain,False,i am not so open about that.
772,explain further.,general_explain,False,explicate further.
771,"s2, i was unclear about what you've just said.",general_explain,False,"s2, i was unclear about what you've just said."
750,"s2, i could not get that.",general_explain,False,"s2, i could not get that."
765,would you again rephrase me on your words please.,general_explain,False,would you again rephrase me on your lyric please.
763,"s2, do not get the last sentence.",general_explain,False,"s2, do not get the finale sentence."
777,could you clarify me on it further.,general_explain,False,could you clarify me on it further.
757,i can not quite catch up with you.,general_explain,False,i can not quite gimmick up with you.
769,clarify further on that to me please.,general_explain,False,clear_up further on that to me please.
753,your response was not clear.,general_explain,False,your reaction was not clear.
780,please list the available rain trips to location a,transport_query,False,delight listing the available rain trips to location a
783,search for trains leaving tonight for london,transport_query,False,hunt for trains going tonight for london
789,how far is it from tokyo to dallas,transport_query,False,how far is it from tokyo to dallas
800,how to get somewhere,transport_query,False,how to get somewhere
781,when is the next train to london,transport_query,False,when is the next train to Greater_London
808,next train to dc,transport_query,False,next train to dc
803,when is the last train today,transport_query,False,when is the finale train today
805,get me the local train timing to destination cstm,transport_query,False,get me the local railroad_train timing to destination cstm
797,are there any available train tickets to reserve,transport_query,False,are there any available railroad_train tickets to reserve
795,what time does the last train arrive in dallas,transport_query,False,what time does the finale railroad_train arrive in dallas
832,show me cooking websites,cooking_recipe,False,show me cooking website
826,what the sexiest food to cook on a date,cooking_recipe,False,what the aphrodisiac nutrient to cook on a date
835,find a recipe for homemade bread,cooking_recipe,False,find a recipe for homemade breadstuff
834,tell me how to cook pasta,cooking_recipe,False,tell me how to Cook pasta
813,give me some recipes for sheperds pie,cooking_recipe,False,give me some formula for sheperds Proto-Indo_European
814,tell me the recipe for yellow rice,cooking_recipe,False,William_Tell me the recipe for yellow rice
829,how do i cook a pasta,cooking_recipe,False,how do i Cook a pasta
833,how can a cook risotto,cooking_recipe,False,how can a Cook risotto
823,find a recipe for chicken alfredo,cooking_recipe,False,breakthrough a recipe for chicken alfredo
836,whats needed to make pizza,cooking_recipe,False,whats needed to make pizza_pie
858,what's a good joke,general_joke,False,what's a good gag
848,i would like to hear some good funny jokes,general_joke,False,i would the_like to hear some good funny jokes
846,tell me a clean joke,general_joke,False,tell me a clean gag
862,find jokes on the web,general_joke,False,breakthrough jokes on the web
853,i want to hear a yo mama joke,general_joke,False,i want to learn a yo mama gag
861,have you heard any good jokes lately,general_joke,False,have you heard any good gag lately
869,tell a joke that puts smile on my face,general_joke,False,William_Tell a gag that puts smile on my human_face
847,funny story,general_joke,False,good_story story
850,what is the funniest joke ever,general_joke,False,what is the comic joke ever
844,i want to hear a funny joke,general_joke,False,i want to hear a good_story joke
883,set meeting with joanna on Saturday four pm,calendar_set,False,set group_meeting with joanna on Sabbatum four pm
899,remind me to meet with steve at one pm tomorrow,calendar_set,False,prompt me to meet with steve at 1 necropsy tomorrow
890,remind me to have launch with boss today at one pm,calendar_set,False,prompt me to have launch with chief today at 1 pm
894,reminders,calendar_set,False,reminders
881,schedule a sales meeting for wednesday at eleven am,calendar_set,False,docket a gross_revenue group_meeting for wednesday at eleven am
893,schedule a lunch meeting with brent on Wednesday at noon,calendar_set,False,docket a lunch meeting with brent on Midweek at twelve_noon
871,remind me tomorrow at four about an event,calendar_set,False,remind me tomorrow at 4 about an event
870,please set reminder,calendar_set,False,delight set reminder
891,the location is my office,calendar_set,False,the location is my business_office
875,remember dinner on thursday at bistro italia,calendar_set,False,retrieve dinner on Th at bistro italia
917,what is the time difference between here and there,datetime_convert,False,what is the clip difference between here and there
925,convert current time from ist to est,datetime_convert,False,convert electric_current time from ist to est
907,what is the time difference between eastern and pacific,datetime_convert,False,what is the time deviation between eastern and Pacific_Ocean
920,what is the time difference between eastern time and pacific time,datetime_convert,False,what is the time difference between eastern clip and Pacific_Ocean clip
915,if i was in the eastern time zone what time would it be,datetime_convert,False,if i was in the eastern clip zone what time would it be
929,it is nine here what time is it in california,datetime_convert,False,it is nine here what clip is it in california
910,convert eight am manila time to new york time,datetime_convert,False,convert eight am manila_paper clip to fresh york time
922,time difference between uk and us,datetime_convert,False,time difference between UK and United_States_of_America
906,given it is four thirty five pm in london what time is it in melbourne,datetime_convert,False,given it is four 30 5 pm in Greater_London what clip is it in melbourne
927,what is the time difference between central and eastern,datetime_convert,False,what is the clip difference between telephone_exchange and eastern
943,schedule a delivery from food at the nearby takeaway diner,takeaway_order,False,schedule a delivery from nutrient at the nearby takeout_food dining_car
945,can you order me a pizza today from dominos,takeaway_order,False,can you order me a pizza today from dominos
946,order pizza from domino's,takeaway_order,False,order pizza_pie from domino's
944,place an order for a combo platter from china buffet,takeaway_order,False,place an order for a jazz_group phonograph_record from china buffet
959,can you please order me some mcdonalds,takeaway_order,False,can you please order me some mcdonalds
942,find and order rasgulla of janta sweet home pvt ltd,takeaway_order,False,find and order rasgulla of janta Henry_Sweet home pvt ltd
939,i am so hungry and tired and i think i might order some food now,takeaway_order,False,i am so hungry and pall and i think i mightiness order some food now
935,find restaurant order food name,takeaway_order,False,breakthrough eating_house order food name
947,grubhub order,takeaway_order,False,grubhub order
958,open grubhub,takeaway_order,False,open grubhub
972,whats happening in ny,recommendation_events,False,whats happening in New_York_State
963,search for any upcoming book fairs during next week in washington dc,recommendation_events,False,search for any coming book fairs during next hebdomad in Washington_D.C. dc
960,what is there to do in new york city,recommendation_events,False,what is there to do in new House_of_York city
980,show todays events in new york,recommendation_events,False,show todays event in fresh House_of_York
969,what's going on around the neighborhood,recommendation_events,False,what's going on around the locality
977,what plays are showing at the theatre,recommendation_events,False,what plays are showing at the theatre
970,what is the event name going in me area,recommendation_events,False,what is the event name going in me area
975,get local events,recommendation_events,False,get local event
989,what events are happening near me,recommendation_events,False,what events are happening near me
962,what gun shows are in tulsa,recommendation_events,False,what gun display are in tulsa
1007,what's the time in china right now,datetime_query,False,what's the clip in china right now
1004,what time is it on the west coast,datetime_query,False,what time is it on the Occident coast
1013,which week is twenty third,datetime_query,False,which week is 20 third
998,what is the time in milwaukee,datetime_query,False,what is the clip in milwaukee
1017,could you please tell me what time is in singapore,datetime_query,False,could you please William_Tell me what clip is in capital_of_Singapore
994,date in new york,datetime_query,False,day_of_the_month in new york
1000,give me the time in phoenix az,datetime_query,False,give me the clip in capital_of_Arizona az
999,mention the time in canada now,datetime_query,False,reference the time in canada now
1015,what is the date and month today,datetime_query,False,what is the date and month today
1011,show me what time it is,datetime_query,False,show me what clip it is
1039,i fancy some coffee now,iot_coffee,False,i fantasy some coffee now
1049,time mr coffee for six am,iot_coffee,False,clip mr coffee for 6 am
1043,please get the coffee machine to make me some coffee,iot_coffee,False,delight get the coffee machine to make me some coffee
1021,i want some coffee,iot_coffee,False,i want some java
1028,please make some coffee for me,iot_coffee,False,delight make some coffee for me
1042,set my coffee machine,iot_coffee,False,set my java machine
1033,start brewing please,iot_coffee,False,beginning brewing please
1024,i need some coffee,iot_coffee,False,i demand some coffee
1025,i'd like a cup of coffee please,iot_coffee,False,i'd the_like a cup of coffee delight
1037,start cappuccino for me now,iot_coffee,False,start cappuccino_coffee for me now
1062,change the light to pink color,iot_hue_lightchange,False,change the visible_light to pink color
1064,i want blue lighting,iot_hue_lightchange,False,i want blue lighting
1061,can i change this light to orange,iot_hue_lightchange,False,can i alteration this light to orange
1050,change the light color to white,iot_hue_lightchange,False,alteration the light color to White_person
1068,change my house lights colour to blue,iot_hue_lightchange,False,alteration my house visible_light colour to blueness
1069,make the lights shine blue,iot_hue_lightchange,False,make the visible_light shine blue
1067,can you change the lights to white,iot_hue_lightchange,False,can you change the visible_light to white
1057,color the lights red,iot_hue_lightchange,False,color the lights redness
1071,make the lights blue please,iot_hue_lightchange,False,make the lights blueness delight
1065,can you change the colour to red,iot_hue_lightchange,False,can you change the colour to redness
1104,i'd like you to shut off my smart plug socket now please,iot_wemo_off,False,i'd the_like you to shut off my smart plug socket now please
1086,mute your android phone when you arrive at work,iot_wemo_off,False,deaf-mute your humanoid phone when you arrive at work
1109,disable wemo socket,iot_wemo_off,False,disable wemo socket
1107,turn off my wemo socket,iot_wemo_off,False,turn off my wemo socket
1083,please turn off the plug socket of my phone when it'll be charged,iot_wemo_off,False,delight crook off the plug socket of my phone when it'll be charged
1095,turn off the socket,iot_wemo_off,False,turn off the socket
1092,turn off my smart plug socket,iot_wemo_off,False,crook off my smart stopper socket
1105,turn off the tv in,iot_wemo_off,False,turn off the telecasting in
1106,turn off the fan in the master bedroom,iot_wemo_off,False,crook off the fan in the master bedroom
1091,please mark the wemo socket to off,iot_wemo_off,False,delight mark the wemo socket to off
1126,please dim the lights in the bedroom,iot_hue_lightdim,False,please dip the visible_light in the bedroom
1116,adjust the lights to a lower setting please,iot_hue_lightdim,False,adjust the visible_light to a lower setting delight
1133,please lights less brighter,iot_hue_lightdim,False,delight lights LE brighter
1110,lower the lights please,iot_hue_lightdim,False,lower the visible_light please
1135,lower the lights in the bedroom,iot_hue_lightdim,False,lower the visible_light in the bedroom
1114,lessen the the light glow,iot_hue_lightdim,False,lessen the the visible_light glow
1120,lower the light to forty percent,iot_hue_lightdim,False,lower the light to 40 percent
1122,give me some dim light,iot_hue_lightdim,False,spring me some dim light
1119,dim the lights to level two,iot_hue_lightdim,False,dip the lights to level 2
1123,reduce the light power,iot_hue_lightdim,False,reduce the visible_light power
1166,post that i am going to woodland shoe store,social_post,False,station that i am going to woodland shoe store
1149,place family phone on instagram,social_post,False,place household phone on instagram
1148,tweet to the customer service account of starbucks,social_post,False,tweet to the client service account of starbucks
1147,post complaint about service a,social_post,False,station complaint about service a
1162,tweet consumer complaint,social_post,False,tweet consumer complaint
1150,tweet a complaint,social_post,False,tweet a complaint
1164,tweet for me the complaint about drainage choke up,social_post,False,tweet for me the complaint about drainage choke_coil up
1169,tweet comcast and tell them that their service is down again,social_post,False,tweet comcast and tell them that their service is down again
1161,can you put this on facebook,social_post,False,can you put this on facebook
1152,can you upload my latest selfie in my instagram,social_post,False,can you upload my up-to-the-minute selfie in my instagram
1189,alert me at three pm to goto the concert,alarm_set,False,qui_vive me at 3 necropsy to goto the concert
1199,i need you to set an alarm,alarm_set,False,i need you to set an alarm
1183,set an alert for two pm,alarm_set,False,set an qui_vive for 2 pm
1172,remind me at five pm,alarm_set,False,remind me at five necropsy
1184,make an alarm to help me remember,alarm_set,False,make an alarm to assist me retrieve
1171,wake me at daybreak,alarm_set,False,wake me at dawning
1173,set a reminder i need to wake up at five am every morning,alarm_set,False,set a reminder i need to wake up at 5 am every morning
1193,repeat alarm,alarm_set,False,repeat dismay
1194,schedule an alarm for next weeks dentist appointment,alarm_set,False,docket an alarm for next weeks dentist assignment
1186,set the alarm for nine am on weekends,alarm_set,False,set the dismay for 9 am on weekends
1207,tell me what's going on with facebook,social_query,False,tell me what's going on with facebook
1222,social media,social_query,False,social medium
1204,hi there tell me latest updates of times of india page in facebook,social_query,False,hi there William_Tell me up-to-the-minute updates of times of Republic_of_India page in facebook
1219,what's hot social media topics,social_query,False,what's hot social media topic
1223,have i received any mentions on twitter,social_query,False,have i have any mentions on twitter
1211,hey olly inform me about latest picture updated by priya chopra on instagram,social_query,False,hey olly inform me about up-to-the-minute picture updated by priya chopra on instagram
1225,check facebook and twitter and tell me if anything interesting is happening,social_query,False,bank_check facebook and twitter and tell me if anything interesting is occurrence
1216,new friends request details,social_query,False,new ally request inside_information
1202,what notifications do i have in social media,social_query,False,what notifications do i have in social medium
1226,new updates,social_query,False,fresh updates
1238,play the health show on the television in the living room,play_radio,False,play the health show on the telecasting in the living room
1241,play for me american idol on television,play_radio,False,drama for me American_English idol on television
1255,get me some radio music from kamp fm,play_radio,False,get me some radiocommunication music from kamp FM
1252,play howard stern on sirius,play_radio,False,play Leslie_Howard after_part on sirius
1259,play bbc radio,play_radio,False,play bbc radio
1234,please turn on radio on seven am,play_radio,False,delight crook on radio on seven am
1244,turn on radio now,play_radio,False,crook on radio now
1236,scan the radio for howard stern,play_radio,False,scan the radio for Leslie_Howard after_part
1240,can you turn on pandora,play_radio,False,can you crook on pandora
1247,activate radio and tune into nine hundred and eighty nine,play_radio,False,actuate radio and tune into nine 100 and 80 9
1273,tell me what is on my calendar for tomorrow,calendar_query,False,William_Tell me what is on my calendar for tomorrow
1282,who is scheduled for tomorrow's meeting,calendar_query,False,who is scheduled for tomorrow's meeting
1287,give me the reminders,calendar_query,False,give me the reminder
1278,do i have any get togethers this week,calendar_query,False,do i have any get togethers this hebdomad
1285,is the birthday event on fifteenth of this month true,calendar_query,False,is the birthday event on fifteenth of this month true
1279,is mary's birthday party tonight,calendar_query,False,is mary's birthday political_party tonight
1272,tell me what is on my schedule for today,calendar_query,False,tell me what is on my docket for today
1267,is my schedule full for tomorrow from eight am to two pm,calendar_query,False,is my schedule full-of-the-moon for tomorrow from eight am to 2 necropsy
1281,what day is the meeting on,calendar_query,False,what day is the group_meeting on
1270,meeting july calendar,calendar_query,False,meeting july calendar
1309,book a train ticket for one one way for this tuesday at nine am,transport_ticket,False,book a train ticket for one one mode for this Tues at 9 am
1318,book for me a train ticket to california,transport_ticket,False,book for me a railroad_train tag to california
1299,i need a train ticket traveling to new york in may,transport_ticket,False,i need a railroad_train ticket traveling to fresh york in whitethorn
1307,book a first class ticket in the next train to miami,transport_ticket,False,book a first category tag in the next train to miami
1312,get me a seat on the next train going to new york,transport_ticket,False,get me a seat on the next train going to fresh House_of_York
1293,book a train ticket to boston tomorrow,transport_ticket,False,book a railroad_train ticket to boston tomorrow
1292,set up a train ticket for next week Friday,transport_ticket,False,set up a train tag for next hebdomad Friday
1290,find me train tickets,transport_ticket,False,find me train tag
1311,best ticket price air plane to chester on the twenty first,transport_ticket,False,best ticket price air aeroplane to chester on the 20 first
1297,search for two tickets on tuesday's train to paris,transport_ticket,False,search for 2 tickets on tuesday's train to City_of_Light
1321,turn on the tv socket when i arrive home,iot_wemo_on,False,crook on the tv socket when i arrive place
1328,on mobile charger plug,iot_wemo_on,False,on mobile charger stopper
1345,i need to turn on the plug in my office for my computer,iot_wemo_on,False,i demand to crook on the stopper in my office for my computer
1333,start the laundry,iot_wemo_on,False,start the wash
1344,power yourself on,iot_wemo_on,False,power yourself on
1340,if switch is on then turn on else turn off,iot_wemo_on,False,if electric_switch is on then crook on else turn off
1330,enable smart socket,iot_wemo_on,False,enable smart socket
1341,flip the wemo on,iot_wemo_on,False,somerset the wemo on
1325,wemo plug socket turn on,iot_wemo_on,False,wemo plug socket turn on
1346,power up the plug socket one,iot_wemo_on,False,powerfulness up the stopper socket one
1372,send happy new year to john@gmail dot com,email_sendemail,False,direct felicitous new twelvemonth to john@gmail dot com
1376,send will do thanks to john as a reply to his last message,email_sendemail,False,direct will do thanks to lavatory as a reply to his last message
1375,respond back to the mail,email_sendemail,False,respond dorsum to the mail
1356,send an email to grandma saying we are dropping by on saturday see you then,email_sendemail,False,send an e-mail to grandma saying we are drop by on Sabbatum see you then
1371,reply to heather's latest email by answering no,email_sendemail,False,reply to heather's latest e-mail by reply no
1369,send email to marissa,email_sendemail,False,direct email to marissa
1365,send an email to frank and ask them what the weather going to be like this week,email_sendemail,False,direct an email to frank and inquire them what the weather_condition going to be the_like this week
1374,write email to family member and read it back,email_sendemail,False,compose email to household member and read it back
1358,forward email,email_sendemail,False,forward e-mail
1355,email co worker about work project,email_sendemail,False,email carbon_monoxide_gas worker about work project
1382,do i have any emails from robert,email_query,False,do i have any emails from Henry_M._Robert
1401,check all new emails in my inbox,email_query,False,bank_check all new emails in my inbox
1408,open email for unread mails,email_query,False,clear e-mail for unread mails
1383,check email from john,email_query,False,check e-mail from john
1392,hey do i have any emails from bob about the bulldog,email_query,False,hey do i have any emails from shilling about the bulldog
1400,please check new email from andy,email_query,False,delight bank_check new e-mail from andy
1381,do i have a new email from eric,email_query,False,do i have a new email from eric
1388,did i get an email from mike,email_query,False,did i get an email from mike
1397,read unchecked email,email_query,False,read unchecked email
1404,do i have a new email from sandy,email_query,False,do i have a new email from sandy
1434,add this email to a new contact,email_addcontact,False,add this e-mail to a fresh contact
1416,i need to add this new contact for sam smith ssmith@yahoo dot com,email_addcontact,False,i demand to add this new contact for SAM smith ssmith@yahoo dot com
1412,add a new contact for daniel bell dbell@aol dot com,email_addcontact,False,add a new contact for Daniel doorbell dbell@aol dot com
1437,save email id,email_addcontact,False,save e-mail id
1422,add this email to my address book,email_addcontact,False,add this e-mail to my computer_address book
1431,locate the email to giant eagle and put it into my contact list,email_addcontact,False,turn_up the e-mail to colossus eagle and put it into my contact list
1424,make a new contact with this email,email_addcontact,False,make a fresh contact with this e-mail
1426,make this email a new contact,email_addcontact,False,make this e-mail a new contact
1411,add apahelp@yahoo dot com to my contacts,email_addcontact,False,ADD apahelp@yahoo dot com to my contact
1428,put sam@gmail dot com in my email contacts list,email_addcontact,False,put sam@gmail dot com in my email contact listing
1456,is traffic heavy,transport_traffic,False,is traffic heavy
1447,how is the traffic around city center,transport_traffic,False,how is the traffic around metropolis center
1469,are there any traffic issues,transport_traffic,False,are there any traffic issue
1458,traffic alert,transport_traffic,False,traffic alert
1465,please update me the traffic status,transport_traffic,False,delight update me the traffic status
1466,traffic status please,transport_traffic,False,traffic position please
1446,how long will it take me to get to the west side,transport_traffic,False,how long will it issue me to get to the west side
1452,are the streets congested right now,transport_traffic,False,are the streets congested right now
1464,is there heavy traffic on the I fifteen in las vegas right now,transport_traffic,False,is there heavy traffic on the I 15 in las Lope_de_Vega right now
1449,traffic please,transport_traffic,False,traffic please
1497,now playing,play_music,False,now playing
1479,kenny roger's lady play,play_music,False,kenny roger's lady drama
1496,play lady by kenny roger,play_music,False,play lady by kenny roger
1495,google find and play florida georgia line the one with nelly,play_music,False,google find and play florida Empire_State_of_the_South line the 1 with nelly
1481,please play the beatles ps i love you,play_music,False,delight play the beatles PS i love you
1484,play neil sedaka,play_music,False,play neil sedaka
1494,play the song get happy by ella fitzgeral,play_music,False,drama the song get felicitous by ella fitzgeral
1474,hi google play me playlist wacky in my gaana application,play_music,False,hi google drama me playlist cockamamy in my gaana application
1471,initiate the music on the electronic playlist,play_music,False,beginner the music on the electronic play_list
1478,play me an upbeat song through your speakers,play_music,False,play me an well-being vocal through your speakers
1515,delete the first alarm,alarm_remove,False,delete the first dismay
1502,do not wake me up tomorrow,alarm_remove,False,do not wake me up tomorrow
1523,turn off the alarm for tomorrow morning,alarm_remove,False,turn off the dismay for tomorrow morn
1525,kickball is over i do not need the alarm for kickball on wednesday evening any longer,alarm_remove,False,kickball is over i do not need the alarm for kickball on Midweek evening any thirster
1528,set off this alarm,alarm_remove,False,set off this alarm
1527,turn off my alarms,alarm_remove,False,crook off my alarms
1522,remove finlee's bedtime alarm,alarm_remove,False,remove finlee's bedtime alarm
1524,remove alarm of seven thirty am on monday,alarm_remove,False,remove alarm of 7 thirty am on Mon
1517,get rid of my eight am alarm,alarm_remove,False,get free of my 8 am alarm
1512,remove the first alarm,alarm_remove,False,remove the number_one alarm
1540,olly skip song,music_settings,False,olly omission song
1538,make a laundry setting for the volume at twenty,music_settings,False,make a wash setting for the bulk at 20
1532,stop after current song,music_settings,False,stop after current vocal
1547,open music player settings,music_settings,False,open music participant scene
1539,put the last song on repeat,music_settings,False,put the finale song on repeat
1552,change song,music_settings,False,change vocal
1554,repeat the current song,music_settings,False,repeat the current vocal
1531,turn on shuffle,music_settings,False,crook on shuffle
1545,shuffle music by aaron carter,music_settings,False,shuffling music by aaron carter
1555,make sure my shuffles are always repeat and always shuffled,music_settings,False,make sure my shuffling are always repetition and always scuffle
1579,what's my stock fluctuations,qa_stock,False,what's my stock fluctuations
1573,is i. b. m. up today,qa_stock,False,is i. b. m. up today
1567,what is terranova stock going for,qa_stock,False,what is terranova stock going for
1564,what is apple's stock price,qa_stock,False,what is apple's stock price
1568,show me share price of tata,qa_stock,False,show me portion price of tata
1574,give me the stock price of intel,qa_stock,False,give me the stock price of intel
1565,how much would it cost to buy stock in apple,qa_stock,False,how much would it cost to buy stock in apple
1587,tell me lexmark's current stock price,qa_stock,False,tell me lexmark's current stock price
1583,what are amd stock prices,qa_stock,False,what are AMD stock prices
1578,please find today's stock prices for samsung company,qa_stock,False,delight find today's stock price for samsung company
1611,turn the lamp off,iot_hue_lightoff,False,turn the lamp off
1618,shutoff light in the kitchen,iot_hue_lightoff,False,shutoff light in the kitchen
1595,cut the lights off,iot_hue_lightoff,False,cut the lights off
1610,turn off the light in the bathroom,iot_hue_lightoff,False,crook off the light in the bathroom
1613,light off now,iot_hue_lightoff,False,light off now
1612,can you please turn off the light of my bed room,iot_hue_lightoff,False,can you please crook off the light of my bed room
1616,hey turn off the light please,iot_hue_lightoff,False,hey crook off the light delight
1598,please turn off all the lights in my house,iot_hue_lightoff,False,delight crook off all the lights in my house
1604,lights off in the kitchen please,iot_hue_lightoff,False,lights off in the kitchen delight
1605,please turn off all the lights in the house,iot_hue_lightoff,False,delight turn off all the visible_light in the house
1638,you've done that correctly thanks.,general_praise,False,you've done that right thanks.
1645,"nice job, you have done well, olly.",general_praise,False,"nice job, you have done well, olly."
1622,"wonderful work, you did well, olly.",general_praise,False,"grand work, you did well, olly."
1631,"thank you for doing it, olly.",general_praise,False,"thank you for doing it, olly."
1630,"appreciated, that is great job.",general_praise,False,"appreciated, that is great job."
1635,"appreciated, that's nice.",general_praise,False,"appreciated, that's nice."
1648,you have done that right appreciated.,general_praise,False,you have done that right appreciated.
1621,"it's good one, appreciated.",general_praise,False,"it's good one, appreciated."
1634,"it's good job, i appreciate it.",general_praise,False,"it's good job, i appreciate it."
1646,you are smart.,general_praise,False,you are smart.
1677,would you confirm the detail.,general_confirm,False,would you confirm the detail.
1651,could you confirm what i just said please.,general_confirm,False,could you corroborate what i just say please.
1669,could you please check and confirm the detail.,general_confirm,False,could you delight bank_check and confirm the detail.
1670,please will you check and confirm what i just said.,general_confirm,False,please will you bank_check and confirm what i just said.
1674,check and confirm the last thing said please.,general_confirm,False,check and corroborate the last thing say please.
1673,can you please check and confirm what just said.,general_confirm,False,can you delight check and corroborate what just said.
1653,could you please check and confirm that.,general_confirm,False,could you delight check and confirm that.
1675,could you check that please.,general_confirm,False,could you check that please.
1656,will you confirm that please.,general_confirm,False,will you confirm that please.
1650,please would you check and confirm it.,general_confirm,False,delight would you check and confirm it.
1695,how much is twenty argentinian pesos in pounds,qa_currency,False,how much is 20 Argentine pesos in lb
1697,which bank will give better rate for currencies i have,qa_currency,False,which depository_financial_institution will spring better rate for currency i have
1690,what is the currency conversion charges applicable,qa_currency,False,what is the currency transition charges applicable
1686,currency exchange,qa_currency,False,currency exchange
1705,what is the exchange rate between the us dollar and the aus dollar,qa_currency,False,what is the exchange rate between the United_States_of_America dollar and the aus dollar
1684,how much is ten euros in dollars,qa_currency,False,how much is ten euros in dollar
1685,what's the exchange between u. s. d. and cad,qa_currency,False,what's the exchange between u. s. d. and cad
1703,is the pound up or down against the dollar,qa_currency,False,is the pound up or down against the dollar
1698,what is the exchange rate between the dollar and the euro currently,qa_currency,False,what is the exchange rate between the dollar and the euro currently
1699,dollar rate at present,qa_currency,False,dollar rate at nowadays
1720,increase the volume please,audio_volume_up,False,increase the bulk please
1715,turn up the volume on my speakers,audio_volume_up,False,turn up the bulk on my speakers
1730,turn up radio volume,audio_volume_up,False,turn up radiocommunication volume
1711,can you speak louder,audio_volume_up,False,can you speak brassy
1718,please turn up the speaker volume,audio_volume_up,False,delight turn up the speaker bulk
1727,unmute my sound,audio_volume_up,False,unmute my sound
1723,turn up volume,audio_volume_up,False,crook up volume
1716,please turn the volume to the loudest setting,audio_volume_up,False,delight turn the volume to the brassy scene
1738,louder please,audio_volume_up,False,brassy please
1724,increase the volume,audio_volume_up,False,increase the bulk
1741,convert one kilo to pound,qa_maths,False,convert one kg to pound
1748,what is twenty three times fifty two,qa_maths,False,what is 20 three times 50 2
1753,whats two hundred divided by five,qa_maths,False,whats two 100 divided by 5
1750,what is the square root of one hundred and forty eight thousand five hundred and eighty seven,qa_maths,False,what is the foursquare beginning of 1 100 and forty eight thousand 5 hundred and eighty 7
1746,sum of five and two,qa_maths,False,sum of five and 2
1743,how do i subtract four from two,qa_maths,False,how do i subtract 4 from two
1744,what is three times seven,qa_maths,False,what is three multiplication seven
1745,i've got dollars for the month how much can i spend every day this month,qa_maths,False,i've got dollar for the month how much can i pass every day this month
1765,what is four plus four,qa_maths,False,what is four plus 4
1740,what is ten times ten,qa_maths,False,what is 10 times ten
1780,tell me updates,news_query,False,William_Tell me updates
1797,check the news,news_query,False,check the intelligence
1785,what does the analysts say about the new immigration policies,news_query,False,what does the analyst state about the new immigration policy
1777,give me the morning news,news_query,False,give me the morning intelligence
1774,please share up to the minute details on sprint,news_query,False,please portion up to the min details on sprint
1791,celeb news,news_query,False,celeb intelligence
1790,headline news for texas,news_query,False,headline intelligence for texas
1794,please advise what the current news is on fox news,news_query,False,delight advise what the current intelligence is on fox intelligence
1773,update me on the standing rock protest,news_query,False,update me on the standing stone protest
1796,what is happening in the world right now,news_query,False,what is happening in the existence right now
1818,make this room brighter,iot_hue_lightup,False,make this room brighter
1825,turn the lights higher,iot_hue_lightup,False,turn the visible_light higher
1811,brighter,iot_hue_lightup,False,brighter
1816,switch up the color of the lights in the house,iot_hue_lightup,False,electric_switch up the colour of the lights in the house
1802,can we turn up the lights,iot_hue_lightup,False,can we turn up the visible_light
1807,brighten my bedroom light,iot_hue_lightup,False,brighten my bedroom visible_light
1826,make the ceiling lights brighter,iot_hue_lightup,False,make the ceiling visible_light brighter
1814,turn up the light,iot_hue_lightup,False,crook up the light
1819,make the light more visible,iot_hue_lightup,False,make the visible_light more visible
1800,can you brighten the lights for me,iot_hue_lightup,False,can you brighten the visible_light for me
1852,decrease volume to very soft,audio_volume_down,False,lessening volume to very soft
1846,make the volume lower,audio_volume_down,False,make the volume lower
1853,start the radio now on low volume,audio_volume_down,False,beginning the radiocommunication now on low volume
1845,speak softer please,audio_volume_down,False,speak soft please
1843,lower volume to half,audio_volume_down,False,lower volume to half
1831,you're too loud,audio_volume_down,False,you're too loud
1848,lower the volume on the speakers,audio_volume_down,False,lower the bulk on the speakers
1833,please lower the speaker volume,audio_volume_down,False,please lower the speaker bulk
1858,talk quieter please,audio_volume_down,False,talk quiet please
1830,turn down the volume,audio_volume_down,False,crook down the volume
1861,run vacuum cleaner,iot_cleaning,False,run vacuum cleanser
1860,can you start the roomba,iot_cleaning,False,can you start the roomba
1889,does the robot vacuum cleaner have to be plugged in,iot_cleaning,False,does the robot vacuity cleaner have to be stop_up in
1878,begin vacuuming,iot_cleaning,False,begin vacuum-clean
1876,robot vacuum the hallway now,iot_cleaning,False,robot vacuum the hallway now
1881,turn on the robot vacuum cleaner,iot_cleaning,False,crook on the robot vacuum cleaner
1868,switch on the roomba,iot_cleaning,False,switch on the roomba
1867,vacuum the dining room,iot_cleaning,False,vacuum the dining room
1870,run the robot vacuum cleaner,iot_cleaning,False,tally the robot vacuity cleaner
1877,start roomba,iot_cleaning,False,beginning roomba
1911,turn on the lights,iot_hue_lighton,False,crook on the lights
1890,turn the lights on full bright,iot_hue_lighton,False,crook the visible_light on full bright
1910,it's too dark i can't even see my hands,iot_hue_lighton,False,it's too darkness i can't eve see my hands
1892,put the disco lights on,iot_hue_lighton,False,put the disco visible_light on
1902,turn on hall lights,iot_hue_lighton,False,turn on hall lights
1909,turn all lights on,iot_hue_lighton,False,turn all visible_light on
1914,It's too dark in here,iot_hue_lighton,False,It's too dark in here
1898,can you put the lights on the high setting,iot_hue_lighton,False,can you put the visible_light on the high scene
1895,it is dark,iot_hue_lighton,False,it is dark
1905,i can't see anything,iot_hue_lighton,False,i can't see anything
